{
  "ramachandran_pass_rate": 0.7966101694915254,
  "contact_energy": -0.030890462660157634,
  "tm_score_proxy": 0.48499097315946915,
  "elapsed_seconds": 648.0691888332367
}