{
  "ramachandran_pass_rate": 0.7931034482758621,
  "contact_energy": -0.08946827684886051,
  "tm_score_proxy": 0.3763419383013644,
  "elapsed_seconds": 638.3771703243256
}