{
  "ramachandran_pass_rate": 0.7258064516129032,
  "contact_energy": -0.03722813832926745,
  "tm_score_proxy": 0.6501247862180013,
  "elapsed_seconds": 838.3592722415924
}