{
  "ramachandran_pass_rate": 0.8448275862068966,
  "contact_energy": -0.0962904583126012,
  "tm_score_proxy": 0.23800707433631907,
  "elapsed_seconds": 625.7861049175262
}