{
  "ramachandran_pass_rate": 0.7903225806451613,
  "contact_energy": 0.09740988212365569,
  "tm_score_proxy": 0.9123667555031907,
  "elapsed_seconds": 810.9518022537231
}