{
  "ramachandran_pass_rate": 0.6964285714285714,
  "contact_energy": -0.021710202746011036,
  "tm_score_proxy": 0.5713025519836723,
  "elapsed_seconds": 548.1487255096436
}